"treatment","day","emmean","SE","df","lower.CL","upper.CL"
"control","Oct15",135.139896551724,17.0840209439289,12,97.9170125367885,172.36278056666
"probiotic","Oct15",121.726826086957,17.0840209439289,12,84.5039420720207,158.949710101892
"control","Oct20",484.174784716776,8.54201047196444,12,465.563342709308,502.786226724244
"probiotic","Oct20",463.516106730769,8.54201047196443,12,444.904664723301,482.127548738237
"control","Oct23",783.931246280153,8.54201047196444,12,765.319804272685,802.542688287621
"probiotic","Oct23",804.950825044563,8.54201047196444,12,786.339383037095,823.562267052031
