"Treatment","n_cones","mean_survival","sd_survival"
"Control",4,45.8120816501766,8.42755612320104
"Probiotic",4,52.6659891598916,15.5876170374893
