"term","odds_ratio","ci_lower","ci_upper"
"(Intercept)",0.830645161290323,0.638726684997854,1.07795009759127
"TreatmentProbiotic",1.36288697559679,0.973257055231778,1.91163997846534
