"Cone","FS","Dead","Total","pct_alive"
"KP",66,2,68,97.0588235294118
"KC",47,2,49,95.9183673469388
